level,operating_point,dataset,unit,fixed_BPCER,fixed_APCER,fixed_ACER,recal_BPCER,recal_APCER,recal_ACER
detector,FAR1,PartialSpoof,BAM,1.01,0.27,0.64,1.01,0.27,0.64
detector,FAR1,PartialSpoof,CFPRF,1.01,16.27,8.64,1.01,16.27,8.64
detector,FAR1,PartialSpoof,MRM,1.01,0.88,0.94,1.01,0.88,0.94
detector,FAR1,LlamaPS,BAM,28.71,8.70,18.71,6.36,40.10,23.23
detector,FAR1,LlamaPS,CFPRF,53.37,7.84,30.61,1.00,96.21,48.60
detector,FAR1,LlamaPS,MRM,88.95,0.55,44.75,1.00,88.69,44.85
detector,FAR1,HQ-MPSD,BAM,18.73,1.23,9.98,4.84,32.74,18.79
detector,FAR1,HQ-MPSD,CFPRF,25.96,0.90,13.43,1.02,94.90,47.96
detector,FAR1,HQ-MPSD,MRM,41.08,0.26,20.67,1.02,74.42,37.72
ensemble,EER,PartialSpoof,MAJORITY,0.38,0.76,0.57,0.38,0.76,0.57
ensemble,EER,LlamaPS,MAJORITY,68.70,2.40,35.55,17.70,17.13,17.41
ensemble,EER,HQ-MPSD,MAJORITY,29.98,0.13,15.05,5.38,5.24,5.31
